user_id,user_type,onboarding_rating,biggest_confusion,feature_request,would_recommend
survey_user_0001,年轻用户,3,想看看别人都在唱什么,智能歌曲推荐,Yes
survey_user_0002,年轻用户,2,需要适合我音域的歌曲推荐,智能歌曲推荐,No
survey_user_0003,年轻用户,4,"歌库太大,不知道从哪里开始",新手推荐歌单,Yes
survey_user_0004,音乐爱好者,4,操作太复杂,更好的帮助文档,Maybe
survey_user_0005,家庭用户,3,作为新手感觉很迷茫,新手引导教程,Maybe
survey_user_0006,家庭用户,3,找不到我想要的功能,更好的帮助文档,Maybe
survey_user_0007,年轻用户,2,"歌库太大,不知道从哪里开始",新手推荐歌单,Yes
survey_user_0008,年轻用户,3,想看看别人都在唱什么,智能歌曲推荐,Maybe
survey_user_0009,家庭用户,3,盯着歌单不知道选什么,新手推荐歌单,Yes
survey_user_0010,年轻用户,2,"界面功能太多,找不到入口",新手引导教程,Maybe
survey_user_0011,音乐爱好者,3,"太多功能,不知道先用哪个",新手引导教程,Maybe
survey_user_0012,年轻用户,4,"界面功能太多,找不到入口",新手引导教程,Maybe
survey_user_0013,家庭用户,2,不确定哪首歌适合我的音域,新手推荐歌单,No
survey_user_0014,年轻用户,3,"歌库太大,不知道从哪里开始",新手推荐歌单,Maybe
survey_user_0015,年轻用户,2,作为新手感觉很迷茫,新手引导教程,Maybe
survey_user_0016,年轻用户,2,操作太复杂,更好的帮助文档,Maybe
survey_user_0017,家庭用户,4,"歌库太大,不知道从哪里开始",新手推荐歌单,Maybe
survey_user_0018,年轻用户,3,希望APP能根据我的嗓音推荐歌,智能歌曲推荐,No
survey_user_0019,家庭用户,4,不知道该选什么歌唱,新手推荐歌单,Maybe
survey_user_0020,家庭用户,4,界面不够直观,更好的帮助文档,No
survey_user_0021,年轻用户,4,想看看别人都在唱什么,智能歌曲推荐,Maybe
survey_user_0022,年轻用户,3,"太多功能,不知道先用哪个",新手引导教程,Yes
survey_user_0023,年轻用户,3,找不到适合自己的歌,新手推荐歌单,Yes
survey_user_0024,年轻用户,3,"歌库太大,不知道从哪里开始",新手推荐歌单,Maybe
survey_user_0025,家庭用户,2,界面不够直观,更好的帮助文档,Maybe
survey_user_0026,年轻用户,3,"歌库太大,不知道从哪里开始",新手推荐歌单,No
survey_user_0027,年轻用户,2,不知道该选什么歌唱,新手推荐歌单,Maybe
survey_user_0028,音乐爱好者,2,界面不够直观,更好的帮助文档,Maybe
survey_user_0029,家庭用户,2,操作太复杂,更好的帮助文档,Maybe
survey_user_0030,年轻用户,3,需要适合我音域的歌曲推荐,智能歌曲推荐,Yes
survey_user_0031,年轻用户,3,"界面功能太多,找不到入口",新手引导教程,Maybe
survey_user_0032,年轻用户,3,不知道该选什么歌唱,新手推荐歌单,Yes
survey_user_0033,年轻用户,3,"太多功能,不知道先用哪个",新手引导教程,No
survey_user_0034,家庭用户,4,想看看别人都在唱什么,智能歌曲推荐,Maybe
survey_user_0035,家庭用户,2,需要适合我音域的歌曲推荐,智能歌曲推荐,Maybe
survey_user_0036,年轻用户,4,找不到适合自己的歌,新手推荐歌单,Yes
survey_user_0037,家庭用户,4,希望APP能根据我的嗓音推荐歌,智能歌曲推荐,No
survey_user_0038,年轻用户,3,盯着歌单不知道选什么,新手推荐歌单,Maybe
survey_user_0039,家庭用户,3,不确定哪首歌适合我的音域,新手推荐歌单,No
survey_user_0040,年轻用户,3,盯着歌单不知道选什么,新手推荐歌单,Yes
survey_user_0041,年轻用户,3,"没有引导,不知道从哪里开始",新手引导教程,Maybe
survey_user_0042,年轻用户,4,操作太复杂,更好的帮助文档,Maybe
survey_user_0043,年轻用户,4,需要适合我音域的歌曲推荐,智能歌曲推荐,Maybe
survey_user_0044,年轻用户,4,盯着歌单不知道选什么,新手推荐歌单,No
survey_user_0045,音乐爱好者,4,空白的界面让我不知所措,新手引导教程,Yes
survey_user_0046,年轻用户,4,希望APP能根据我的嗓音推荐歌,智能歌曲推荐,Maybe
survey_user_0047,家庭用户,4,"没有引导,不知道从哪里开始",新手引导教程,Yes
survey_user_0048,年轻用户,4,需要一些歌曲推荐,智能歌曲推荐,No
survey_user_0049,年轻用户,2,需要适合我音域的歌曲推荐,智能歌曲推荐,Yes
survey_user_0050,家庭用户,3,希望APP能根据我的嗓音推荐歌,智能歌曲推荐,No
survey_user_0051,家庭用户,3,"界面功能太多,找不到入口",新手引导教程,Yes
survey_user_0052,年轻用户,3,"歌库太大,不知道从哪里开始",新手推荐歌单,Maybe
survey_user_0053,年轻用户,4,想看看别人都在唱什么,智能歌曲推荐,Yes
survey_user_0054,年轻用户,3,不确定哪首歌适合我的音域,新手推荐歌单,Maybe
survey_user_0055,音乐爱好者,4,操作太复杂,更好的帮助文档,Maybe
survey_user_0056,家庭用户,3,"太多功能,不知道先用哪个",新手引导教程,Maybe
survey_user_0057,年轻用户,3,希望APP能根据我的嗓音推荐歌,智能歌曲推荐,Yes
survey_user_0058,家庭用户,3,找不到我想要的功能,更好的帮助文档,No
survey_user_0059,年轻用户,3,想看看别人都在唱什么,智能歌曲推荐,Maybe
survey_user_0060,家庭用户,3,不确定哪首歌适合我的音域,新手推荐歌单,Maybe
survey_user_0061,年轻用户,2,希望APP能根据我的嗓音推荐歌,智能歌曲推荐,Maybe
survey_user_0062,年轻用户,4,"没有引导,不知道从哪里开始",新手引导教程,Maybe
survey_user_0063,年轻用户,2,找不到适合自己的歌,新手推荐歌单,Maybe
survey_user_0064,年轻用户,3,希望有新手推荐歌单,智能歌曲推荐,Yes
survey_user_0065,年轻用户,3,盯着歌单不知道选什么,新手推荐歌单,Maybe
survey_user_0066,家庭用户,4,导航不够清晰,更好的帮助文档,Maybe
survey_user_0067,年轻用户,2,需要一些歌曲推荐,智能歌曲推荐,Yes
survey_user_0068,家庭用户,3,不知道该选什么歌唱,新手推荐歌单,Yes
survey_user_0069,年轻用户,2,想看看别人都在唱什么,智能歌曲推荐,No
survey_user_0070,年轻用户,3,想看看别人都在唱什么,智能歌曲推荐,Yes
survey_user_0071,音乐爱好者,2,"太多功能,不知道先用哪个",新手引导教程,Yes
survey_user_0072,年轻用户,2,作为新手感觉很迷茫,新手引导教程,Yes
survey_user_0073,家庭用户,4,导航不够清晰,更好的帮助文档,Maybe
survey_user_0074,家庭用户,2,"没有引导,不知道从哪里开始",新手引导教程,Yes
survey_user_0075,家庭用户,3,空白的界面让我不知所措,新手引导教程,No
survey_user_0076,年轻用户,2,盯着歌单不知道选什么,新手推荐歌单,No
survey_user_0077,年轻用户,3,盯着歌单不知道选什么,新手推荐歌单,Maybe
survey_user_0078,年轻用户,4,想看看别人都在唱什么,智能歌曲推荐,Maybe
survey_user_0079,家庭用户,3,不知道该选什么歌唱,新手推荐歌单,Maybe
survey_user_0080,年轻用户,4,想看看别人都在唱什么,智能歌曲推荐,No
survey_user_0081,家庭用户,4,操作太复杂,更好的帮助文档,Maybe
survey_user_0082,年轻用户,3,"歌库太大,不知道从哪里开始",新手推荐歌单,Maybe
survey_user_0083,年轻用户,4,需要适合我音域的歌曲推荐,智能歌曲推荐,Maybe
survey_user_0084,家庭用户,2,"界面功能太多,找不到入口",新手引导教程,Yes
survey_user_0085,年轻用户,2,不确定哪首歌适合我的音域,新手推荐歌单,No
survey_user_0086,家庭用户,4,找不到我想要的功能,更好的帮助文档,Maybe
survey_user_0087,年轻用户,2,"太多功能,不知道先用哪个",新手引导教程,Maybe
survey_user_0088,家庭用户,3,"界面功能太多,找不到入口",新手引导教程,No
survey_user_0089,年轻用户,4,需要适合我音域的歌曲推荐,智能歌曲推荐,No
survey_user_0090,年轻用户,4,想看看别人都在唱什么,智能歌曲推荐,No
survey_user_0091,年轻用户,4,"没有引导,不知道从哪里开始",新手引导教程,No
survey_user_0092,年轻用户,4,不知道该选什么歌唱,新手推荐歌单,No
survey_user_0093,音乐爱好者,2,找不到适合自己的歌,新手推荐歌单,Maybe
survey_user_0094,年轻用户,3,"太多功能,不知道先用哪个",新手引导教程,Yes
survey_user_0095,年轻用户,3,"太多功能,不知道先用哪个",新手引导教程,No
survey_user_0096,家庭用户,2,"界面功能太多,找不到入口",新手引导教程,Maybe
survey_user_0097,年轻用户,4,界面不够直观,更好的帮助文档,Maybe
survey_user_0098,家庭用户,2,不知道该选什么歌唱,新手推荐歌单,Maybe
survey_user_0099,年轻用户,4,需要适合我音域的歌曲推荐,智能歌曲推荐,Yes
survey_user_0100,家庭用户,2,盯着歌单不知道选什么,新手推荐歌单,Maybe
survey_user_0101,年轻用户,2,空白的界面让我不知所措,新手引导教程,Yes
survey_user_0102,家庭用户,2,导航不够清晰,更好的帮助文档,Maybe
survey_user_0103,年轻用户,4,需要适合我音域的歌曲推荐,智能歌曲推荐,No
survey_user_0104,年轻用户,2,找不到适合自己的歌,新手推荐歌单,Maybe
survey_user_0105,家庭用户,4,找不到我想要的功能,更好的帮助文档,Maybe
survey_user_0106,年轻用户,3,"界面功能太多,找不到入口",新手引导教程,Maybe
survey_user_0107,年轻用户,2,"界面功能太多,找不到入口",新手引导教程,Yes
survey_user_0108,年轻用户,4,不确定哪首歌适合我的音域,新手推荐歌单,Maybe
survey_user_0109,家庭用户,2,需要适合我音域的歌曲推荐,智能歌曲推荐,Maybe
survey_user_0110,音乐爱好者,3,"界面功能太多,找不到入口",新手引导教程,Yes
survey_user_0111,年轻用户,4,"歌库太大,不知道从哪里开始",新手推荐歌单,Yes
survey_user_0112,年轻用户,3,"歌库太大,不知道从哪里开始",新手推荐歌单,No
survey_user_0113,年轻用户,4,和我预期的不一样,更好的帮助文档,Maybe
survey_user_0114,年轻用户,4,盯着歌单不知道选什么,新手推荐歌单,No
survey_user_0115,音乐爱好者,4,导航不够清晰,更好的帮助文档,Maybe
survey_user_0116,年轻用户,4,不确定哪首歌适合我的音域,新手推荐歌单,No
survey_user_0117,家庭用户,4,不确定哪首歌适合我的音域,新手推荐歌单,Maybe
survey_user_0118,年轻用户,3,作为新手感觉很迷茫,新手引导教程,No
survey_user_0119,年轻用户,4,不知道该选什么歌唱,新手推荐歌单,Yes
survey_user_0120,音乐爱好者,3,"没有引导,不知道从哪里开始",新手引导教程,Maybe
survey_user_0121,年轻用户,3,"太多功能,不知道先用哪个",新手引导教程,Maybe
survey_user_0122,年轻用户,3,找不到适合自己的歌,新手推荐歌单,No
survey_user_0123,家庭用户,2,操作太复杂,更好的帮助文档,Maybe
survey_user_0124,年轻用户,4,"歌库太大,不知道从哪里开始",新手推荐歌单,Maybe
survey_user_0125,年轻用户,4,希望APP能根据我的嗓音推荐歌,智能歌曲推荐,Yes
survey_user_0126,年轻用户,3,"歌库太大,不知道从哪里开始",新手推荐歌单,Maybe
survey_user_0127,年轻用户,3,想看看别人都在唱什么,智能歌曲推荐,Yes
survey_user_0128,音乐爱好者,3,"太多功能,不知道先用哪个",新手引导教程,Maybe
survey_user_0129,家庭用户,4,希望有新手推荐歌单,智能歌曲推荐,Yes
survey_user_0130,年轻用户,4,空白的界面让我不知所措,新手引导教程,No
survey_user_0131,家庭用户,2,不知道该选什么歌唱,新手推荐歌单,Yes
survey_user_0132,年轻用户,4,需要一些歌曲推荐,智能歌曲推荐,Maybe
survey_user_0133,年轻用户,2,想看看别人都在唱什么,智能歌曲推荐,Yes
survey_user_0134,家庭用户,4,不确定哪首歌适合我的音域,新手推荐歌单,Yes
survey_user_0135,年轻用户,4,想看看别人都在唱什么,智能歌曲推荐,Maybe
survey_user_0136,年轻用户,2,"太多功能,不知道先用哪个",新手引导教程,No
survey_user_0137,音乐爱好者,2,"没有引导,不知道从哪里开始",新手引导教程,Maybe
survey_user_0138,家庭用户,2,需要适合我音域的歌曲推荐,智能歌曲推荐,Maybe
survey_user_0139,音乐爱好者,4,"没有引导,不知道从哪里开始",新手引导教程,Maybe
survey_user_0140,年轻用户,4,空白的界面让我不知所措,新手引导教程,No
survey_user_0141,年轻用户,3,不确定哪首歌适合我的音域,新手推荐歌单,No
survey_user_0142,家庭用户,3,导航不够清晰,更好的帮助文档,Yes
survey_user_0143,家庭用户,4,需要一些歌曲推荐,智能歌曲推荐,No
survey_user_0144,年轻用户,3,"界面功能太多,找不到入口",新手引导教程,Maybe
survey_user_0145,年轻用户,4,盯着歌单不知道选什么,新手推荐歌单,No
survey_user_0146,年轻用户,2,空白的界面让我不知所措,新手引导教程,Maybe
survey_user_0147,家庭用户,2,界面不够直观,更好的帮助文档,Maybe
survey_user_0148,年轻用户,4,找不到适合自己的歌,新手推荐歌单,Maybe
survey_user_0149,年轻用户,4,需要一些歌曲推荐,智能歌曲推荐,Maybe
survey_user_0150,年轻用户,3,需要一些歌曲推荐,智能歌曲推荐,Yes
survey_user_0151,音乐爱好者,3,想看看别人都在唱什么,智能歌曲推荐,Yes
survey_user_0152,年轻用户,3,需要适合我音域的歌曲推荐,智能歌曲推荐,Maybe
survey_user_0153,家庭用户,4,空白的界面让我不知所措,新手引导教程,Maybe
survey_user_0154,家庭用户,3,导航不够清晰,更好的帮助文档,Maybe
survey_user_0155,年轻用户,4,"没有引导,不知道从哪里开始",新手引导教程,Yes
survey_user_0156,年轻用户,3,不知道该选什么歌唱,新手推荐歌单,Yes
survey_user_0157,年轻用户,2,"歌库太大,不知道从哪里开始",新手推荐歌单,Maybe
survey_user_0158,年轻用户,3,希望APP能根据我的嗓音推荐歌,智能歌曲推荐,No
survey_user_0159,年轻用户,4,不知道该选什么歌唱,新手推荐歌单,Maybe
survey_user_0160,家庭用户,3,找不到适合自己的歌,新手推荐歌单,No
survey_user_0161,家庭用户,4,"没有引导,不知道从哪里开始",新手引导教程,Maybe
survey_user_0162,家庭用户,3,盯着歌单不知道选什么,新手推荐歌单,Maybe
survey_user_0163,年轻用户,3,找不到适合自己的歌,新手推荐歌单,Yes
survey_user_0164,年轻用户,3,作为新手感觉很迷茫,新手引导教程,Maybe
survey_user_0165,家庭用户,2,"界面功能太多,找不到入口",新手引导教程,Yes
survey_user_0166,年轻用户,3,找不到适合自己的歌,新手推荐歌单,Yes
survey_user_0167,家庭用户,3,想看看别人都在唱什么,智能歌曲推荐,Maybe
survey_user_0168,年轻用户,3,希望有新手推荐歌单,智能歌曲推荐,Maybe
survey_user_0169,年轻用户,3,盯着歌单不知道选什么,新手推荐歌单,Yes
survey_user_0170,音乐爱好者,3,操作太复杂,更好的帮助文档,Maybe
survey_user_0171,家庭用户,4,需要一些歌曲推荐,智能歌曲推荐,Maybe
survey_user_0172,年轻用户,2,希望APP能根据我的嗓音推荐歌,智能歌曲推荐,Yes
survey_user_0173,音乐爱好者,4,盯着歌单不知道选什么,新手推荐歌单,No
survey_user_0174,家庭用户,4,界面不够直观,更好的帮助文档,Yes
survey_user_0175,年轻用户,4,盯着歌单不知道选什么,新手推荐歌单,Maybe
survey_user_0176,家庭用户,3,导航不够清晰,更好的帮助文档,Yes
survey_user_0177,年轻用户,4,需要适合我音域的歌曲推荐,智能歌曲推荐,No
survey_user_0178,家庭用户,4,希望APP能根据我的嗓音推荐歌,智能歌曲推荐,No
survey_user_0179,年轻用户,2,盯着歌单不知道选什么,新手推荐歌单,No
survey_user_0180,年轻用户,3,需要适合我音域的歌曲推荐,智能歌曲推荐,Yes
survey_user_0181,年轻用户,4,"歌库太大,不知道从哪里开始",新手推荐歌单,Maybe
survey_user_0182,年轻用户,4,不确定哪首歌适合我的音域,新手推荐歌单,Maybe
survey_user_0183,年轻用户,3,不知道该选什么歌唱,新手推荐歌单,Yes
survey_user_0184,音乐爱好者,3,"歌库太大,不知道从哪里开始",新手推荐歌单,Maybe
survey_user_0185,年轻用户,3,"界面功能太多,找不到入口",新手引导教程,Maybe
survey_user_0186,年轻用户,3,需要适合我音域的歌曲推荐,智能歌曲推荐,No
survey_user_0187,年轻用户,2,空白的界面让我不知所措,新手引导教程,Maybe
survey_user_0188,家庭用户,4,"没有引导,不知道从哪里开始",新手引导教程,Maybe
survey_user_0189,年轻用户,4,想看看别人都在唱什么,智能歌曲推荐,Yes
survey_user_0190,音乐爱好者,4,找不到适合自己的歌,新手推荐歌单,Maybe
survey_user_0191,年轻用户,2,需要适合我音域的歌曲推荐,智能歌曲推荐,Maybe
survey_user_0192,年轻用户,4,需要一些歌曲推荐,智能歌曲推荐,Maybe
survey_user_0193,年轻用户,4,空白的界面让我不知所措,新手引导教程,No
survey_user_0194,家庭用户,3,作为新手感觉很迷茫,新手引导教程,Maybe
survey_user_0195,年轻用户,4,找不到适合自己的歌,新手推荐歌单,Maybe
survey_user_0196,年轻用户,2,希望APP能根据我的嗓音推荐歌,智能歌曲推荐,Maybe
survey_user_0197,年轻用户,4,希望有新手推荐歌单,智能歌曲推荐,Maybe
survey_user_0198,音乐爱好者,3,"没有引导,不知道从哪里开始",新手引导教程,No
survey_user_0199,年轻用户,4,盯着歌单不知道选什么,新手推荐歌单,Maybe
survey_user_0200,年轻用户,4,"歌库太大,不知道从哪里开始",新手推荐歌单,Yes
survey_user_0201,年轻用户,4,希望APP能根据我的嗓音推荐歌,智能歌曲推荐,Maybe
survey_user_0202,年轻用户,2,希望有新手推荐歌单,智能歌曲推荐,Maybe
survey_user_0203,家庭用户,2,作为新手感觉很迷茫,新手引导教程,Yes
survey_user_0204,年轻用户,4,"界面功能太多,找不到入口",新手引导教程,Yes
survey_user_0205,年轻用户,3,需要适合我音域的歌曲推荐,智能歌曲推荐,Maybe
survey_user_0206,年轻用户,3,"歌库太大,不知道从哪里开始",新手推荐歌单,No
survey_user_0207,年轻用户,3,希望有新手推荐歌单,智能歌曲推荐,Yes
survey_user_0208,年轻用户,3,不知道该选什么歌唱,新手推荐歌单,Maybe
survey_user_0209,年轻用户,4,"太多功能,不知道先用哪个",新手引导教程,Maybe
survey_user_0210,音乐爱好者,3,"歌库太大,不知道从哪里开始",新手推荐歌单,No
survey_user_0211,年轻用户,3,不知道该选什么歌唱,新手推荐歌单,No
survey_user_0212,家庭用户,4,不确定哪首歌适合我的音域,新手推荐歌单,Maybe
survey_user_0213,家庭用户,2,"太多功能,不知道先用哪个",新手引导教程,Maybe
survey_user_0214,家庭用户,4,导航不够清晰,更好的帮助文档,Maybe
survey_user_0215,年轻用户,3,希望有新手推荐歌单,智能歌曲推荐,Maybe
survey_user_0216,年轻用户,4,不确定哪首歌适合我的音域,新手推荐歌单,No
survey_user_0217,年轻用户,2,"太多功能,不知道先用哪个",新手引导教程,Maybe
survey_user_0218,家庭用户,2,"歌库太大,不知道从哪里开始",新手推荐歌单,Maybe
survey_user_0219,家庭用户,3,界面不够直观,更好的帮助文档,Maybe
survey_user_0220,年轻用户,3,找不到适合自己的歌,新手推荐歌单,Yes
survey_user_0221,年轻用户,3,空白的界面让我不知所措,新手引导教程,Maybe
survey_user_0222,家庭用户,3,界面不够直观,更好的帮助文档,Maybe
survey_user_0223,年轻用户,4,空白的界面让我不知所措,新手引导教程,Yes
survey_user_0224,家庭用户,4,空白的界面让我不知所措,新手引导教程,Yes
survey_user_0225,年轻用户,3,希望有新手推荐歌单,智能歌曲推荐,Maybe
survey_user_0226,年轻用户,4,不确定哪首歌适合我的音域,新手推荐歌单,Maybe
survey_user_0227,年轻用户,4,想看看别人都在唱什么,智能歌曲推荐,No
survey_user_0228,年轻用户,2,需要适合我音域的歌曲推荐,智能歌曲推荐,No
survey_user_0229,音乐爱好者,2,找不到适合自己的歌,新手推荐歌单,Yes
survey_user_0230,年轻用户,4,希望有新手推荐歌单,智能歌曲推荐,Maybe
survey_user_0231,年轻用户,2,作为新手感觉很迷茫,新手引导教程,Maybe
survey_user_0232,年轻用户,2,"歌库太大,不知道从哪里开始",新手推荐歌单,Yes
survey_user_0233,家庭用户,3,找不到我想要的功能,更好的帮助文档,No
survey_user_0234,家庭用户,2,找不到适合自己的歌,新手推荐歌单,Maybe
survey_user_0235,年轻用户,2,需要适合我音域的歌曲推荐,智能歌曲推荐,No
survey_user_0236,家庭用户,4,界面不够直观,更好的帮助文档,Maybe
survey_user_0237,年轻用户,4,不知道该选什么歌唱,新手推荐歌单,No
survey_user_0238,年轻用户,2,盯着歌单不知道选什么,新手推荐歌单,Yes
survey_user_0239,家庭用户,4,找不到我想要的功能,更好的帮助文档,Maybe
survey_user_0240,年轻用户,4,希望APP能根据我的嗓音推荐歌,智能歌曲推荐,Maybe
survey_user_0241,年轻用户,3,希望有新手推荐歌单,智能歌曲推荐,Yes
survey_user_0242,家庭用户,2,不知道该选什么歌唱,新手推荐歌单,No
survey_user_0243,年轻用户,3,找不到适合自己的歌,新手推荐歌单,Maybe
survey_user_0244,年轻用户,4,希望有新手推荐歌单,智能歌曲推荐,Maybe
survey_user_0245,家庭用户,2,作为新手感觉很迷茫,新手引导教程,Maybe
survey_user_0246,家庭用户,2,需要一些歌曲推荐,智能歌曲推荐,Yes
survey_user_0247,年轻用户,2,不确定哪首歌适合我的音域,新手推荐歌单,No
survey_user_0248,音乐爱好者,3,找不到我想要的功能,更好的帮助文档,Yes
survey_user_0249,年轻用户,2,需要适合我音域的歌曲推荐,智能歌曲推荐,No
survey_user_0250,年轻用户,2,"歌库太大,不知道从哪里开始",新手推荐歌单,No
survey_user_0251,音乐爱好者,4,想看看别人都在唱什么,智能歌曲推荐,Yes
survey_user_0252,年轻用户,4,不确定哪首歌适合我的音域,新手推荐歌单,Maybe
survey_user_0253,年轻用户,2,不确定哪首歌适合我的音域,新手推荐歌单,Maybe
survey_user_0254,年轻用户,3,不知道该选什么歌唱,新手推荐歌单,Yes
survey_user_0255,家庭用户,2,导航不够清晰,更好的帮助文档,No
survey_user_0256,音乐爱好者,4,不确定哪首歌适合我的音域,新手推荐歌单,No
survey_user_0257,年轻用户,2,希望有新手推荐歌单,智能歌曲推荐,No
survey_user_0258,家庭用户,3,找不到我想要的功能,更好的帮助文档,Maybe
survey_user_0259,年轻用户,2,作为新手感觉很迷茫,新手引导教程,Maybe
survey_user_0260,年轻用户,4,作为新手感觉很迷茫,新手引导教程,No
survey_user_0261,家庭用户,3,找不到适合自己的歌,新手推荐歌单,No
survey_user_0262,年轻用户,3,导航不够清晰,更好的帮助文档,Yes
survey_user_0263,年轻用户,2,不确定哪首歌适合我的音域,新手推荐歌单,Maybe
survey_user_0264,年轻用户,4,"界面功能太多,找不到入口",新手引导教程,No
survey_user_0265,年轻用户,2,需要一些歌曲推荐,智能歌曲推荐,Maybe
survey_user_0266,年轻用户,2,"歌库太大,不知道从哪里开始",新手推荐歌单,No
survey_user_0267,年轻用户,2,"太多功能,不知道先用哪个",新手引导教程,Maybe
survey_user_0268,年轻用户,3,作为新手感觉很迷茫,新手引导教程,No
survey_user_0269,年轻用户,2,不知道该选什么歌唱,新手推荐歌单,Maybe
survey_user_0270,家庭用户,2,界面不够直观,更好的帮助文档,Yes
survey_user_0271,家庭用户,3,操作太复杂,更好的帮助文档,No
survey_user_0272,年轻用户,3,"歌库太大,不知道从哪里开始",新手推荐歌单,Maybe
survey_user_0273,家庭用户,4,盯着歌单不知道选什么,新手推荐歌单,Yes
survey_user_0274,音乐爱好者,2,和我预期的不一样,更好的帮助文档,Maybe
survey_user_0275,年轻用户,4,"歌库太大,不知道从哪里开始",新手推荐歌单,Maybe
survey_user_0276,家庭用户,3,空白的界面让我不知所措,新手引导教程,No
survey_user_0277,家庭用户,2,想看看别人都在唱什么,智能歌曲推荐,Maybe
survey_user_0278,年轻用户,2,找不到适合自己的歌,新手推荐歌单,Maybe
survey_user_0279,家庭用户,4,"歌库太大,不知道从哪里开始",新手推荐歌单,Yes
survey_user_0280,家庭用户,4,需要一些歌曲推荐,智能歌曲推荐,No
survey_user_0281,年轻用户,2,需要适合我音域的歌曲推荐,智能歌曲推荐,No
survey_user_0282,年轻用户,3,找不到我想要的功能,更好的帮助文档,Maybe
survey_user_0283,家庭用户,4,界面不够直观,更好的帮助文档,Maybe
survey_user_0284,年轻用户,2,不知道该选什么歌唱,新手推荐歌单,Maybe
survey_user_0285,家庭用户,2,"没有引导,不知道从哪里开始",新手引导教程,Maybe
survey_user_0286,年轻用户,4,不知道该选什么歌唱,新手推荐歌单,Maybe
survey_user_0287,音乐爱好者,3,盯着歌单不知道选什么,新手推荐歌单,Maybe
survey_user_0288,家庭用户,4,盯着歌单不知道选什么,新手推荐歌单,No
survey_user_0289,年轻用户,2,"没有引导,不知道从哪里开始",新手引导教程,Maybe
survey_user_0290,音乐爱好者,4,需要一些歌曲推荐,智能歌曲推荐,Maybe
survey_user_0291,年轻用户,3,导航不够清晰,更好的帮助文档,Yes
survey_user_0292,年轻用户,3,需要一些歌曲推荐,智能歌曲推荐,No
survey_user_0293,家庭用户,2,不知道该选什么歌唱,新手推荐歌单,Maybe
survey_user_0294,年轻用户,4,作为新手感觉很迷茫,新手引导教程,No
survey_user_0295,年轻用户,2,不知道该选什么歌唱,新手推荐歌单,No
survey_user_0296,年轻用户,2,希望有新手推荐歌单,智能歌曲推荐,Maybe
survey_user_0297,年轻用户,2,空白的界面让我不知所措,新手引导教程,Yes
survey_user_0298,家庭用户,3,需要一些歌曲推荐,智能歌曲推荐,Yes
survey_user_0299,年轻用户,3,"歌库太大,不知道从哪里开始",新手推荐歌单,Maybe
survey_user_0300,年轻用户,4,不确定哪首歌适合我的音域,新手推荐歌单,Maybe
survey_user_0301,家庭用户,3,"界面功能太多,找不到入口",新手引导教程,No
survey_user_0302,年轻用户,2,找不到适合自己的歌,新手推荐歌单,Maybe
survey_user_0303,家庭用户,3,导航不够清晰,更好的帮助文档,Maybe
survey_user_0304,年轻用户,4,作为新手感觉很迷茫,新手引导教程,Maybe
survey_user_0305,年轻用户,4,盯着歌单不知道选什么,新手推荐歌单,Maybe
survey_user_0306,年轻用户,2,作为新手感觉很迷茫,新手引导教程,Yes
survey_user_0307,年轻用户,2,"没有引导,不知道从哪里开始",新手引导教程,No
survey_user_0308,年轻用户,4,不确定哪首歌适合我的音域,新手推荐歌单,No
survey_user_0309,家庭用户,3,和我预期的不一样,更好的帮助文档,Maybe
survey_user_0310,音乐爱好者,2,找不到我想要的功能,更好的帮助文档,Maybe
survey_user_0311,年轻用户,4,作为新手感觉很迷茫,新手引导教程,No
survey_user_0312,家庭用户,4,希望APP能根据我的嗓音推荐歌,智能歌曲推荐,Maybe
survey_user_0313,年轻用户,4,找不到适合自己的歌,新手推荐歌单,Maybe
survey_user_0314,年轻用户,2,不知道该选什么歌唱,新手推荐歌单,Maybe
survey_user_0315,年轻用户,4,想看看别人都在唱什么,智能歌曲推荐,Maybe
survey_user_0316,家庭用户,3,希望有新手推荐歌单,智能歌曲推荐,No
survey_user_0317,年轻用户,2,希望有新手推荐歌单,智能歌曲推荐,Maybe
survey_user_0318,音乐爱好者,4,需要适合我音域的歌曲推荐,智能歌曲推荐,No
survey_user_0319,年轻用户,4,"歌库太大,不知道从哪里开始",新手推荐歌单,Yes
survey_user_0320,家庭用户,2,操作太复杂,更好的帮助文档,Maybe
survey_user_0321,年轻用户,3,希望有新手推荐歌单,智能歌曲推荐,Maybe
survey_user_0322,家庭用户,4,希望有新手推荐歌单,智能歌曲推荐,No
survey_user_0323,音乐爱好者,4,界面不够直观,更好的帮助文档,No
survey_user_0324,年轻用户,2,不确定哪首歌适合我的音域,新手推荐歌单,No
survey_user_0325,音乐爱好者,2,不知道该选什么歌唱,新手推荐歌单,Maybe
survey_user_0326,音乐爱好者,4,不知道该选什么歌唱,新手推荐歌单,Maybe
survey_user_0327,年轻用户,4,"歌库太大,不知道从哪里开始",新手推荐歌单,No
survey_user_0328,年轻用户,2,空白的界面让我不知所措,新手引导教程,Yes
survey_user_0329,年轻用户,3,"歌库太大,不知道从哪里开始",新手推荐歌单,Yes
survey_user_0330,家庭用户,2,需要适合我音域的歌曲推荐,智能歌曲推荐,Yes
survey_user_0331,家庭用户,2,"没有引导,不知道从哪里开始",新手引导教程,Yes
survey_user_0332,年轻用户,2,作为新手感觉很迷茫,新手引导教程,Maybe
survey_user_0333,年轻用户,2,盯着歌单不知道选什么,新手推荐歌单,Yes
survey_user_0334,年轻用户,3,不知道该选什么歌唱,新手推荐歌单,Yes
survey_user_0335,家庭用户,4,希望有新手推荐歌单,智能歌曲推荐,Yes
survey_user_0336,年轻用户,2,"歌库太大,不知道从哪里开始",新手推荐歌单,Yes
survey_user_0337,家庭用户,3,和我预期的不一样,更好的帮助文档,Maybe
survey_user_0338,年轻用户,4,找不到适合自己的歌,新手推荐歌单,Yes
survey_user_0339,年轻用户,2,找不到适合自己的歌,新手推荐歌单,Maybe
survey_user_0340,家庭用户,2,"太多功能,不知道先用哪个",新手引导教程,No
survey_user_0341,年轻用户,2,盯着歌单不知道选什么,新手推荐歌单,Yes
survey_user_0342,家庭用户,3,需要适合我音域的歌曲推荐,智能歌曲推荐,Yes
survey_user_0343,家庭用户,3,希望APP能根据我的嗓音推荐歌,智能歌曲推荐,Maybe
survey_user_0344,年轻用户,3,"歌库太大,不知道从哪里开始",新手推荐歌单,No
survey_user_0345,年轻用户,3,希望有新手推荐歌单,智能歌曲推荐,No
survey_user_0346,年轻用户,2,需要一些歌曲推荐,智能歌曲推荐,Maybe
survey_user_0347,家庭用户,2,希望APP能根据我的嗓音推荐歌,智能歌曲推荐,No
survey_user_0348,家庭用户,4,界面不够直观,更好的帮助文档,Yes
survey_user_0349,年轻用户,2,盯着歌单不知道选什么,新手推荐歌单,Yes
survey_user_0350,音乐爱好者,4,和我预期的不一样,更好的帮助文档,Maybe
survey_user_0351,年轻用户,2,"没有引导,不知道从哪里开始",新手引导教程,Maybe
survey_user_0352,家庭用户,2,找不到适合自己的歌,新手推荐歌单,Yes
survey_user_0353,年轻用户,4,"没有引导,不知道从哪里开始",新手引导教程,Maybe
survey_user_0354,年轻用户,2,需要一些歌曲推荐,智能歌曲推荐,Yes
survey_user_0355,年轻用户,4,想看看别人都在唱什么,智能歌曲推荐,Yes
survey_user_0356,音乐爱好者,4,不确定哪首歌适合我的音域,新手推荐歌单,Yes
survey_user_0357,年轻用户,4,不确定哪首歌适合我的音域,新手推荐歌单,No
survey_user_0358,音乐爱好者,3,空白的界面让我不知所措,新手引导教程,Maybe
survey_user_0359,家庭用户,4,需要适合我音域的歌曲推荐,智能歌曲推荐,Yes
survey_user_0360,年轻用户,4,"歌库太大,不知道从哪里开始",新手推荐歌单,Yes
survey_user_0361,年轻用户,4,作为新手感觉很迷茫,新手引导教程,Maybe
survey_user_0362,年轻用户,3,想看看别人都在唱什么,智能歌曲推荐,No
survey_user_0363,年轻用户,3,作为新手感觉很迷茫,新手引导教程,Yes
survey_user_0364,家庭用户,2,"没有引导,不知道从哪里开始",新手引导教程,Maybe
survey_user_0365,音乐爱好者,3,想看看别人都在唱什么,智能歌曲推荐,Yes
survey_user_0366,家庭用户,2,找不到适合自己的歌,新手推荐歌单,Yes
survey_user_0367,家庭用户,2,操作太复杂,更好的帮助文档,Maybe
survey_user_0368,年轻用户,2,需要适合我音域的歌曲推荐,智能歌曲推荐,No
survey_user_0369,年轻用户,2,"没有引导,不知道从哪里开始",新手引导教程,Maybe
survey_user_0370,年轻用户,4,盯着歌单不知道选什么,新手推荐歌单,Maybe
survey_user_0371,年轻用户,3,"界面功能太多,找不到入口",新手引导教程,No
survey_user_0372,家庭用户,4,找不到适合自己的歌,新手推荐歌单,Yes
survey_user_0373,年轻用户,4,"界面功能太多,找不到入口",新手引导教程,Maybe
survey_user_0374,年轻用户,4,作为新手感觉很迷茫,新手引导教程,No
survey_user_0375,年轻用户,4,"歌库太大,不知道从哪里开始",新手推荐歌单,Maybe
survey_user_0376,家庭用户,3,"没有引导,不知道从哪里开始",新手引导教程,Yes
survey_user_0377,年轻用户,3,空白的界面让我不知所措,新手引导教程,Maybe
survey_user_0378,家庭用户,2,空白的界面让我不知所措,新手引导教程,Maybe
survey_user_0379,家庭用户,3,操作太复杂,更好的帮助文档,Yes
survey_user_0380,家庭用户,3,"没有引导,不知道从哪里开始",新手引导教程,Maybe
survey_user_0381,家庭用户,4,界面不够直观,更好的帮助文档,No
survey_user_0382,年轻用户,4,操作太复杂,更好的帮助文档,Maybe
survey_user_0383,年轻用户,3,不知道该选什么歌唱,新手推荐歌单,Maybe
survey_user_0384,家庭用户,4,操作太复杂,更好的帮助文档,Maybe
survey_user_0385,年轻用户,2,希望有新手推荐歌单,智能歌曲推荐,Yes
survey_user_0386,家庭用户,4,空白的界面让我不知所措,新手引导教程,Yes
survey_user_0387,音乐爱好者,3,需要适合我音域的歌曲推荐,智能歌曲推荐,Yes
survey_user_0388,家庭用户,2,"界面功能太多,找不到入口",新手引导教程,Maybe
survey_user_0389,家庭用户,4,不确定哪首歌适合我的音域,新手推荐歌单,Yes
survey_user_0390,音乐爱好者,3,"界面功能太多,找不到入口",新手引导教程,Maybe
survey_user_0391,家庭用户,3,找不到我想要的功能,更好的帮助文档,No
survey_user_0392,年轻用户,2,希望APP能根据我的嗓音推荐歌,智能歌曲推荐,Maybe
survey_user_0393,家庭用户,4,"歌库太大,不知道从哪里开始",新手推荐歌单,Maybe
survey_user_0394,年轻用户,3,作为新手感觉很迷茫,新手引导教程,Maybe
survey_user_0395,年轻用户,4,不知道该选什么歌唱,新手推荐歌单,No
survey_user_0396,年轻用户,4,不知道该选什么歌唱,新手推荐歌单,Yes
survey_user_0397,年轻用户,2,"歌库太大,不知道从哪里开始",新手推荐歌单,Maybe
survey_user_0398,年轻用户,2,界面不够直观,更好的帮助文档,Maybe
survey_user_0399,家庭用户,3,不知道该选什么歌唱,新手推荐歌单,Maybe
survey_user_0400,家庭用户,2,不知道该选什么歌唱,新手推荐歌单,Yes
survey_user_0401,年轻用户,4,"没有引导,不知道从哪里开始",新手引导教程,Maybe
survey_user_0402,年轻用户,2,空白的界面让我不知所措,新手引导教程,Yes
survey_user_0403,家庭用户,3,需要适合我音域的歌曲推荐,智能歌曲推荐,No
survey_user_0404,年轻用户,2,盯着歌单不知道选什么,新手推荐歌单,Maybe
survey_user_0405,家庭用户,4,空白的界面让我不知所措,新手引导教程,No
survey_user_0406,家庭用户,3,盯着歌单不知道选什么,新手推荐歌单,Maybe
survey_user_0407,年轻用户,2,想看看别人都在唱什么,智能歌曲推荐,No
survey_user_0408,家庭用户,3,想看看别人都在唱什么,智能歌曲推荐,Maybe
survey_user_0409,年轻用户,3,希望有新手推荐歌单,智能歌曲推荐,Yes
survey_user_0410,年轻用户,2,找不到适合自己的歌,新手推荐歌单,Maybe
survey_user_0411,年轻用户,4,找不到我想要的功能,更好的帮助文档,No
survey_user_0412,年轻用户,4,盯着歌单不知道选什么,新手推荐歌单,No
survey_user_0413,年轻用户,4,希望APP能根据我的嗓音推荐歌,智能歌曲推荐,No
survey_user_0414,年轻用户,4,不知道该选什么歌唱,新手推荐歌单,No
survey_user_0415,年轻用户,3,找不到适合自己的歌,新手推荐歌单,No
survey_user_0416,年轻用户,2,希望有新手推荐歌单,智能歌曲推荐,No
survey_user_0417,年轻用户,3,希望APP能根据我的嗓音推荐歌,智能歌曲推荐,Maybe
survey_user_0418,年轻用户,4,"界面功能太多,找不到入口",新手引导教程,No
survey_user_0419,年轻用户,2,"太多功能,不知道先用哪个",新手引导教程,Maybe
survey_user_0420,家庭用户,3,找不到我想要的功能,更好的帮助文档,Yes
survey_user_0421,年轻用户,2,找不到适合自己的歌,新手推荐歌单,Yes
survey_user_0422,年轻用户,2,不知道该选什么歌唱,新手推荐歌单,Yes
survey_user_0423,年轻用户,2,不确定哪首歌适合我的音域,新手推荐歌单,No
survey_user_0424,音乐爱好者,3,"太多功能,不知道先用哪个",新手引导教程,Maybe
survey_user_0425,年轻用户,2,"歌库太大,不知道从哪里开始",新手推荐歌单,Maybe
survey_user_0426,年轻用户,4,需要适合我音域的歌曲推荐,智能歌曲推荐,No
survey_user_0427,年轻用户,2,空白的界面让我不知所措,新手引导教程,Maybe
survey_user_0428,家庭用户,3,盯着歌单不知道选什么,新手推荐歌单,Maybe
survey_user_0429,家庭用户,2,盯着歌单不知道选什么,新手推荐歌单,No
survey_user_0430,年轻用户,3,操作太复杂,更好的帮助文档,Yes
survey_user_0431,家庭用户,2,"没有引导,不知道从哪里开始",新手引导教程,Maybe
survey_user_0432,家庭用户,2,"歌库太大,不知道从哪里开始",新手推荐歌单,Yes
survey_user_0433,音乐爱好者,4,"界面功能太多,找不到入口",新手引导教程,Yes
survey_user_0434,年轻用户,4,盯着歌单不知道选什么,新手推荐歌单,No
survey_user_0435,家庭用户,3,找不到我想要的功能,更好的帮助文档,Yes
survey_user_0436,年轻用户,2,不知道该选什么歌唱,新手推荐歌单,Maybe
survey_user_0437,家庭用户,4,不确定哪首歌适合我的音域,新手推荐歌单,Maybe
survey_user_0438,音乐爱好者,4,作为新手感觉很迷茫,新手引导教程,No
survey_user_0439,年轻用户,3,需要适合我音域的歌曲推荐,智能歌曲推荐,Yes
survey_user_0440,年轻用户,2,"界面功能太多,找不到入口",新手引导教程,No
survey_user_0441,家庭用户,3,找不到适合自己的歌,新手推荐歌单,Maybe
survey_user_0442,年轻用户,3,希望有新手推荐歌单,智能歌曲推荐,Maybe
survey_user_0443,年轻用户,3,找不到适合自己的歌,新手推荐歌单,Maybe
survey_user_0444,年轻用户,3,希望APP能根据我的嗓音推荐歌,智能歌曲推荐,No
survey_user_0445,家庭用户,3,需要一些歌曲推荐,智能歌曲推荐,No
survey_user_0446,年轻用户,4,不确定哪首歌适合我的音域,新手推荐歌单,No
survey_user_0447,家庭用户,4,和我预期的不一样,更好的帮助文档,Maybe
survey_user_0448,家庭用户,3,"太多功能,不知道先用哪个",新手引导教程,Maybe
survey_user_0449,家庭用户,3,界面不够直观,更好的帮助文档,Yes
survey_user_0450,家庭用户,2,需要适合我音域的歌曲推荐,智能歌曲推荐,No
survey_user_0451,家庭用户,3,盯着歌单不知道选什么,新手推荐歌单,Maybe
survey_user_0452,年轻用户,2,不知道该选什么歌唱,新手推荐歌单,Maybe
survey_user_0453,年轻用户,2,"太多功能,不知道先用哪个",新手引导教程,Maybe
survey_user_0454,家庭用户,2,找不到适合自己的歌,新手推荐歌单,Yes
survey_user_0455,家庭用户,2,盯着歌单不知道选什么,新手推荐歌单,Yes
survey_user_0456,年轻用户,2,希望APP能根据我的嗓音推荐歌,智能歌曲推荐,Yes
survey_user_0457,年轻用户,2,希望APP能根据我的嗓音推荐歌,智能歌曲推荐,Yes
survey_user_0458,年轻用户,3,希望APP能根据我的嗓音推荐歌,智能歌曲推荐,Yes
survey_user_0459,音乐爱好者,4,找不到我想要的功能,更好的帮助文档,Maybe
survey_user_0460,家庭用户,4,找不到适合自己的歌,新手推荐歌单,Maybe
survey_user_0461,年轻用户,4,不确定哪首歌适合我的音域,新手推荐歌单,Maybe
survey_user_0462,年轻用户,3,操作太复杂,更好的帮助文档,Maybe
survey_user_0463,年轻用户,3,希望APP能根据我的嗓音推荐歌,智能歌曲推荐,Maybe
survey_user_0464,家庭用户,2,找不到我想要的功能,更好的帮助文档,Maybe
survey_user_0465,家庭用户,4,想看看别人都在唱什么,智能歌曲推荐,Maybe
survey_user_0466,音乐爱好者,4,"没有引导,不知道从哪里开始",新手引导教程,Maybe
survey_user_0467,家庭用户,3,和我预期的不一样,更好的帮助文档,Yes
survey_user_0468,家庭用户,3,和我预期的不一样,更好的帮助文档,Yes
survey_user_0469,家庭用户,3,空白的界面让我不知所措,新手引导教程,Maybe
survey_user_0470,年轻用户,2,盯着歌单不知道选什么,新手推荐歌单,Maybe
survey_user_0471,家庭用户,4,不知道该选什么歌唱,新手推荐歌单,Maybe
survey_user_0472,年轻用户,3,想看看别人都在唱什么,智能歌曲推荐,No
survey_user_0473,家庭用户,2,"界面功能太多,找不到入口",新手引导教程,Yes
survey_user_0474,年轻用户,4,作为新手感觉很迷茫,新手引导教程,No
survey_user_0475,音乐爱好者,4,想看看别人都在唱什么,智能歌曲推荐,No
survey_user_0476,年轻用户,3,不确定哪首歌适合我的音域,新手推荐歌单,Maybe
survey_user_0477,音乐爱好者,4,操作太复杂,更好的帮助文档,Maybe
survey_user_0478,家庭用户,3,操作太复杂,更好的帮助文档,Maybe
survey_user_0479,音乐爱好者,4,"歌库太大,不知道从哪里开始",新手推荐歌单,No
survey_user_0480,年轻用户,3,希望APP能根据我的嗓音推荐歌,智能歌曲推荐,Maybe
survey_user_0481,年轻用户,3,空白的界面让我不知所措,新手引导教程,Yes
survey_user_0482,家庭用户,3,"歌库太大,不知道从哪里开始",新手推荐歌单,No
survey_user_0483,家庭用户,3,作为新手感觉很迷茫,新手引导教程,Maybe
survey_user_0484,年轻用户,2,希望APP能根据我的嗓音推荐歌,智能歌曲推荐,Maybe
survey_user_0485,年轻用户,3,"没有引导,不知道从哪里开始",新手引导教程,Yes
survey_user_0486,年轻用户,4,"歌库太大,不知道从哪里开始",新手推荐歌单,Maybe
survey_user_0487,年轻用户,4,不确定哪首歌适合我的音域,新手推荐歌单,Yes
survey_user_0488,音乐爱好者,2,导航不够清晰,更好的帮助文档,Maybe
survey_user_0489,年轻用户,4,"界面功能太多,找不到入口",新手引导教程,Maybe
survey_user_0490,音乐爱好者,3,作为新手感觉很迷茫,新手引导教程,No
survey_user_0491,年轻用户,2,想看看别人都在唱什么,智能歌曲推荐,Maybe
survey_user_0492,年轻用户,2,需要适合我音域的歌曲推荐,智能歌曲推荐,Maybe
survey_user_0493,家庭用户,2,不确定哪首歌适合我的音域,新手推荐歌单,No
survey_user_0494,年轻用户,4,和我预期的不一样,更好的帮助文档,No
survey_user_0495,家庭用户,4,"歌库太大,不知道从哪里开始",新手推荐歌单,Yes
survey_user_0496,家庭用户,4,找不到适合自己的歌,新手推荐歌单,No
survey_user_0497,家庭用户,4,找不到适合自己的歌,新手推荐歌单,Maybe
survey_user_0498,年轻用户,3,"歌库太大,不知道从哪里开始",新手推荐歌单,No
survey_user_0499,年轻用户,3,盯着歌单不知道选什么,新手推荐歌单,Yes
survey_user_0500,年轻用户,2,盯着歌单不知道选什么,新手推荐歌单,Yes
survey_user_0501,家庭用户,2,"界面功能太多,找不到入口",新手引导教程,No
survey_user_0502,家庭用户,2,不确定哪首歌适合我的音域,新手推荐歌单,Maybe
survey_user_0503,家庭用户,3,需要一些歌曲推荐,智能歌曲推荐,Yes
survey_user_0504,年轻用户,3,空白的界面让我不知所措,新手引导教程,Maybe
survey_user_0505,年轻用户,4,找不到适合自己的歌,新手推荐歌单,Maybe
survey_user_0506,音乐爱好者,2,盯着歌单不知道选什么,新手推荐歌单,Maybe
survey_user_0507,年轻用户,3,不确定哪首歌适合我的音域,新手推荐歌单,No
survey_user_0508,年轻用户,2,想看看别人都在唱什么,智能歌曲推荐,Yes
survey_user_0509,音乐爱好者,2,找不到我想要的功能,更好的帮助文档,Maybe
survey_user_0510,年轻用户,2,"没有引导,不知道从哪里开始",新手引导教程,Maybe
survey_user_0511,家庭用户,4,空白的界面让我不知所措,新手引导教程,Yes
survey_user_0512,家庭用户,3,不知道该选什么歌唱,新手推荐歌单,No
survey_user_0513,年轻用户,3,想看看别人都在唱什么,智能歌曲推荐,Maybe
survey_user_0514,家庭用户,4,盯着歌单不知道选什么,新手推荐歌单,No
survey_user_0515,音乐爱好者,3,需要适合我音域的歌曲推荐,智能歌曲推荐,Maybe
survey_user_0516,家庭用户,3,不确定哪首歌适合我的音域,新手推荐歌单,Maybe
survey_user_0517,音乐爱好者,2,盯着歌单不知道选什么,新手推荐歌单,Maybe
survey_user_0518,家庭用户,3,作为新手感觉很迷茫,新手引导教程,Maybe
survey_user_0519,家庭用户,3,需要适合我音域的歌曲推荐,智能歌曲推荐,Yes
survey_user_0520,年轻用户,2,不确定哪首歌适合我的音域,新手推荐歌单,Maybe
survey_user_0521,家庭用户,2,盯着歌单不知道选什么,新手推荐歌单,Maybe
survey_user_0522,年轻用户,4,空白的界面让我不知所措,新手引导教程,No
survey_user_0523,家庭用户,4,导航不够清晰,更好的帮助文档,Yes
survey_user_0524,家庭用户,4,不知道该选什么歌唱,新手推荐歌单,Maybe
survey_user_0525,年轻用户,4,界面不够直观,更好的帮助文档,Maybe
survey_user_0526,年轻用户,4,不确定哪首歌适合我的音域,新手推荐歌单,Maybe
survey_user_0527,年轻用户,3,需要一些歌曲推荐,智能歌曲推荐,Maybe
survey_user_0528,年轻用户,4,希望APP能根据我的嗓音推荐歌,智能歌曲推荐,Maybe
survey_user_0529,家庭用户,2,"歌库太大,不知道从哪里开始",新手推荐歌单,Maybe
survey_user_0530,家庭用户,2,作为新手感觉很迷茫,新手引导教程,Maybe
survey_user_0531,家庭用户,3,盯着歌单不知道选什么,新手推荐歌单,Maybe
survey_user_0532,年轻用户,3,盯着歌单不知道选什么,新手推荐歌单,Yes
survey_user_0533,音乐爱好者,4,导航不够清晰,更好的帮助文档,Maybe
survey_user_0534,年轻用户,4,操作太复杂,更好的帮助文档,Maybe
survey_user_0535,年轻用户,4,需要适合我音域的歌曲推荐,智能歌曲推荐,Yes
survey_user_0536,年轻用户,4,需要一些歌曲推荐,智能歌曲推荐,Maybe
survey_user_0537,年轻用户,3,"界面功能太多,找不到入口",新手引导教程,Maybe
survey_user_0538,家庭用户,4,需要适合我音域的歌曲推荐,智能歌曲推荐,No
survey_user_0539,年轻用户,2,"歌库太大,不知道从哪里开始",新手推荐歌单,No
survey_user_0540,年轻用户,2,"歌库太大,不知道从哪里开始",新手推荐歌单,Maybe
survey_user_0541,年轻用户,4,需要一些歌曲推荐,智能歌曲推荐,Maybe
survey_user_0542,年轻用户,3,不知道该选什么歌唱,新手推荐歌单,Yes
survey_user_0543,年轻用户,2,需要适合我音域的歌曲推荐,智能歌曲推荐,Maybe
survey_user_0544,年轻用户,2,希望有新手推荐歌单,智能歌曲推荐,No
survey_user_0545,家庭用户,3,"歌库太大,不知道从哪里开始",新手推荐歌单,Maybe
survey_user_0546,年轻用户,4,不确定哪首歌适合我的音域,新手推荐歌单,No
survey_user_0547,家庭用户,2,操作太复杂,更好的帮助文档,Maybe
survey_user_0548,年轻用户,2,界面不够直观,更好的帮助文档,Maybe
survey_user_0549,家庭用户,2,"界面功能太多,找不到入口",新手引导教程,Maybe
survey_user_0550,年轻用户,4,需要适合我音域的歌曲推荐,智能歌曲推荐,No
survey_user_0551,年轻用户,2,不知道该选什么歌唱,新手推荐歌单,Maybe
survey_user_0552,年轻用户,2,"太多功能,不知道先用哪个",新手引导教程,No
survey_user_0553,年轻用户,2,"界面功能太多,找不到入口",新手引导教程,No
survey_user_0554,年轻用户,4,希望APP能根据我的嗓音推荐歌,智能歌曲推荐,No
survey_user_0555,家庭用户,4,界面不够直观,更好的帮助文档,Yes
survey_user_0556,年轻用户,3,不确定哪首歌适合我的音域,新手推荐歌单,Maybe
survey_user_0557,音乐爱好者,3,"太多功能,不知道先用哪个",新手引导教程,No
survey_user_0558,年轻用户,2,"歌库太大,不知道从哪里开始",新手推荐歌单,Maybe
survey_user_0559,年轻用户,2,想看看别人都在唱什么,智能歌曲推荐,No
survey_user_0560,家庭用户,4,和我预期的不一样,更好的帮助文档,No
survey_user_0561,年轻用户,4,"歌库太大,不知道从哪里开始",新手推荐歌单,Maybe
survey_user_0562,年轻用户,4,找不到适合自己的歌,新手推荐歌单,Maybe
survey_user_0563,年轻用户,3,希望APP能根据我的嗓音推荐歌,智能歌曲推荐,Maybe
survey_user_0564,音乐爱好者,3,希望有新手推荐歌单,智能歌曲推荐,Yes
survey_user_0565,年轻用户,3,需要适合我音域的歌曲推荐,智能歌曲推荐,Maybe
survey_user_0566,年轻用户,4,"太多功能,不知道先用哪个",新手引导教程,Maybe
survey_user_0567,家庭用户,3,"没有引导,不知道从哪里开始",新手引导教程,Maybe
survey_user_0568,年轻用户,4,想看看别人都在唱什么,智能歌曲推荐,No
survey_user_0569,年轻用户,2,导航不够清晰,更好的帮助文档,Maybe
survey_user_0570,年轻用户,2,需要一些歌曲推荐,智能歌曲推荐,Maybe
survey_user_0571,年轻用户,4,不知道该选什么歌唱,新手推荐歌单,Yes
survey_user_0572,音乐爱好者,3,希望APP能根据我的嗓音推荐歌,智能歌曲推荐,No
survey_user_0573,音乐爱好者,3,界面不够直观,更好的帮助文档,No
survey_user_0574,年轻用户,3,希望APP能根据我的嗓音推荐歌,智能歌曲推荐,Maybe
survey_user_0575,年轻用户,4,希望APP能根据我的嗓音推荐歌,智能歌曲推荐,Maybe
survey_user_0576,家庭用户,2,作为新手感觉很迷茫,新手引导教程,No
survey_user_0577,音乐爱好者,3,盯着歌单不知道选什么,新手推荐歌单,Maybe
survey_user_0578,家庭用户,4,希望有新手推荐歌单,智能歌曲推荐,No
survey_user_0579,家庭用户,4,不知道该选什么歌唱,新手推荐歌单,Maybe
survey_user_0580,家庭用户,3,"界面功能太多,找不到入口",新手引导教程,Maybe
survey_user_0581,音乐爱好者,2,希望APP能根据我的嗓音推荐歌,智能歌曲推荐,Yes
survey_user_0582,音乐爱好者,2,作为新手感觉很迷茫,新手引导教程,Yes
survey_user_0583,年轻用户,3,希望APP能根据我的嗓音推荐歌,智能歌曲推荐,Maybe
survey_user_0584,音乐爱好者,4,操作太复杂,更好的帮助文档,Maybe
survey_user_0585,家庭用户,3,和我预期的不一样,更好的帮助文档,Maybe
survey_user_0586,家庭用户,4,界面不够直观,更好的帮助文档,Yes
survey_user_0587,家庭用户,2,界面不够直观,更好的帮助文档,Maybe
survey_user_0588,年轻用户,4,希望有新手推荐歌单,智能歌曲推荐,Maybe
survey_user_0589,家庭用户,4,想看看别人都在唱什么,智能歌曲推荐,No
survey_user_0590,家庭用户,2,想看看别人都在唱什么,智能歌曲推荐,Yes
survey_user_0591,家庭用户,4,导航不够清晰,更好的帮助文档,Maybe
survey_user_0592,年轻用户,3,不确定哪首歌适合我的音域,新手推荐歌单,Maybe
survey_user_0593,音乐爱好者,3,"没有引导,不知道从哪里开始",新手引导教程,Maybe
survey_user_0594,年轻用户,2,盯着歌单不知道选什么,新手推荐歌单,Maybe
survey_user_0595,年轻用户,3,不确定哪首歌适合我的音域,新手推荐歌单,Maybe
survey_user_0596,家庭用户,4,不知道该选什么歌唱,新手推荐歌单,Yes
survey_user_0597,家庭用户,2,和我预期的不一样,更好的帮助文档,Yes
survey_user_0598,年轻用户,3,不确定哪首歌适合我的音域,新手推荐歌单,Yes
survey_user_0599,年轻用户,3,"界面功能太多,找不到入口",新手引导教程,Yes
survey_user_0600,年轻用户,4,需要一些歌曲推荐,智能歌曲推荐,Yes
survey_user_0601,年轻用户,3,希望APP能根据我的嗓音推荐歌,智能歌曲推荐,Yes
survey_user_0602,家庭用户,2,界面不够直观,更好的帮助文档,Yes
survey_user_0603,年轻用户,3,"歌库太大,不知道从哪里开始",新手推荐歌单,No
survey_user_0604,年轻用户,2,想看看别人都在唱什么,智能歌曲推荐,Maybe
survey_user_0605,年轻用户,3,希望APP能根据我的嗓音推荐歌,智能歌曲推荐,Maybe
survey_user_0606,年轻用户,4,需要适合我音域的歌曲推荐,智能歌曲推荐,Maybe
survey_user_0607,年轻用户,2,找不到适合自己的歌,新手推荐歌单,Maybe
survey_user_0608,音乐爱好者,4,空白的界面让我不知所措,新手引导教程,Maybe
survey_user_0609,家庭用户,2,"太多功能,不知道先用哪个",新手引导教程,Maybe
survey_user_0610,家庭用户,2,界面不够直观,更好的帮助文档,Maybe
survey_user_0611,年轻用户,4,不确定哪首歌适合我的音域,新手推荐歌单,Maybe
survey_user_0612,家庭用户,4,希望APP能根据我的嗓音推荐歌,智能歌曲推荐,No
survey_user_0613,年轻用户,2,需要一些歌曲推荐,智能歌曲推荐,Maybe
survey_user_0614,年轻用户,4,需要适合我音域的歌曲推荐,智能歌曲推荐,Maybe
survey_user_0615,年轻用户,3,不确定哪首歌适合我的音域,新手推荐歌单,Maybe
survey_user_0616,年轻用户,2,不确定哪首歌适合我的音域,新手推荐歌单,Maybe
survey_user_0617,音乐爱好者,4,想看看别人都在唱什么,智能歌曲推荐,Yes
survey_user_0618,家庭用户,3,需要一些歌曲推荐,智能歌曲推荐,Maybe
survey_user_0619,年轻用户,4,找不到我想要的功能,更好的帮助文档,Maybe
survey_user_0620,年轻用户,2,需要适合我音域的歌曲推荐,智能歌曲推荐,No
survey_user_0621,年轻用户,4,盯着歌单不知道选什么,新手推荐歌单,Maybe
survey_user_0622,家庭用户,3,"太多功能,不知道先用哪个",新手引导教程,Yes
survey_user_0623,家庭用户,4,和我预期的不一样,更好的帮助文档,Yes
survey_user_0624,年轻用户,2,不知道该选什么歌唱,新手推荐歌单,Maybe
survey_user_0625,家庭用户,2,导航不够清晰,更好的帮助文档,Maybe
survey_user_0626,年轻用户,4,找不到适合自己的歌,新手推荐歌单,No
survey_user_0627,年轻用户,2,不知道该选什么歌唱,新手推荐歌单,Maybe
survey_user_0628,家庭用户,3,找不到适合自己的歌,新手推荐歌单,Maybe
survey_user_0629,年轻用户,2,"歌库太大,不知道从哪里开始",新手推荐歌单,Maybe
survey_user_0630,年轻用户,3,想看看别人都在唱什么,智能歌曲推荐,Yes
survey_user_0631,音乐爱好者,4,作为新手感觉很迷茫,新手引导教程,Yes
survey_user_0632,年轻用户,2,"界面功能太多,找不到入口",新手引导教程,Yes
survey_user_0633,家庭用户,3,"界面功能太多,找不到入口",新手引导教程,Maybe
survey_user_0634,音乐爱好者,2,"没有引导,不知道从哪里开始",新手引导教程,Yes
survey_user_0635,年轻用户,3,"歌库太大,不知道从哪里开始",新手推荐歌单,No
survey_user_0636,年轻用户,3,"没有引导,不知道从哪里开始",新手引导教程,Maybe
survey_user_0637,年轻用户,3,找不到适合自己的歌,新手推荐歌单,Maybe
survey_user_0638,年轻用户,4,想看看别人都在唱什么,智能歌曲推荐,Maybe
survey_user_0639,家庭用户,3,"没有引导,不知道从哪里开始",新手引导教程,Yes
survey_user_0640,年轻用户,3,找不到适合自己的歌,新手推荐歌单,Maybe
survey_user_0641,年轻用户,4,希望有新手推荐歌单,智能歌曲推荐,Maybe
survey_user_0642,年轻用户,3,想看看别人都在唱什么,智能歌曲推荐,Maybe
survey_user_0643,家庭用户,2,盯着歌单不知道选什么,新手推荐歌单,Yes
survey_user_0644,家庭用户,3,希望APP能根据我的嗓音推荐歌,智能歌曲推荐,Maybe
survey_user_0645,年轻用户,2,不确定哪首歌适合我的音域,新手推荐歌单,Maybe
survey_user_0646,音乐爱好者,4,希望有新手推荐歌单,智能歌曲推荐,Yes
survey_user_0647,家庭用户,2,"歌库太大,不知道从哪里开始",新手推荐歌单,Yes
survey_user_0648,年轻用户,3,需要适合我音域的歌曲推荐,智能歌曲推荐,Yes
survey_user_0649,家庭用户,2,不知道该选什么歌唱,新手推荐歌单,No
survey_user_0650,年轻用户,3,不确定哪首歌适合我的音域,新手推荐歌单,Maybe
survey_user_0651,年轻用户,2,"太多功能,不知道先用哪个",新手引导教程,No
survey_user_0652,音乐爱好者,3,界面不够直观,更好的帮助文档,Maybe
survey_user_0653,家庭用户,4,找不到适合自己的歌,新手推荐歌单,No
survey_user_0654,年轻用户,3,界面不够直观,更好的帮助文档,Maybe
survey_user_0655,音乐爱好者,4,不知道该选什么歌唱,新手推荐歌单,No
survey_user_0656,年轻用户,3,希望有新手推荐歌单,智能歌曲推荐,No
survey_user_0657,家庭用户,2,不知道该选什么歌唱,新手推荐歌单,Yes
survey_user_0658,年轻用户,4,盯着歌单不知道选什么,新手推荐歌单,No
survey_user_0659,年轻用户,4,不知道该选什么歌唱,新手推荐歌单,Yes
survey_user_0660,家庭用户,2,不知道该选什么歌唱,新手推荐歌单,Maybe
survey_user_0661,年轻用户,4,想看看别人都在唱什么,智能歌曲推荐,No
survey_user_0662,年轻用户,2,希望APP能根据我的嗓音推荐歌,智能歌曲推荐,Maybe
survey_user_0663,年轻用户,4,不确定哪首歌适合我的音域,新手推荐歌单,Maybe
survey_user_0664,家庭用户,2,希望有新手推荐歌单,智能歌曲推荐,Yes
survey_user_0665,年轻用户,3,不知道该选什么歌唱,新手推荐歌单,Yes
survey_user_0666,年轻用户,2,需要适合我音域的歌曲推荐,智能歌曲推荐,Maybe
survey_user_0667,年轻用户,3,找不到适合自己的歌,新手推荐歌单,Maybe
survey_user_0668,年轻用户,3,盯着歌单不知道选什么,新手推荐歌单,Maybe
survey_user_0669,年轻用户,3,"界面功能太多,找不到入口",新手引导教程,Maybe
survey_user_0670,家庭用户,4,作为新手感觉很迷茫,新手引导教程,Maybe
survey_user_0671,年轻用户,3,不确定哪首歌适合我的音域,新手推荐歌单,Maybe
survey_user_0672,年轻用户,2,希望APP能根据我的嗓音推荐歌,智能歌曲推荐,Maybe
survey_user_0673,年轻用户,2,需要一些歌曲推荐,智能歌曲推荐,No
survey_user_0674,年轻用户,2,"没有引导,不知道从哪里开始",新手引导教程,Maybe
survey_user_0675,年轻用户,4,不知道该选什么歌唱,新手推荐歌单,Yes
survey_user_0676,家庭用户,3,"界面功能太多,找不到入口",新手引导教程,No
survey_user_0677,年轻用户,2,需要一些歌曲推荐,智能歌曲推荐,Maybe
survey_user_0678,家庭用户,3,导航不够清晰,更好的帮助文档,No
survey_user_0679,年轻用户,3,需要适合我音域的歌曲推荐,智能歌曲推荐,No
survey_user_0680,家庭用户,4,需要一些歌曲推荐,智能歌曲推荐,No
survey_user_0681,家庭用户,4,"歌库太大,不知道从哪里开始",新手推荐歌单,No
survey_user_0682,年轻用户,2,找不到适合自己的歌,新手推荐歌单,Maybe
survey_user_0683,年轻用户,4,"歌库太大,不知道从哪里开始",新手推荐歌单,Yes
survey_user_0684,家庭用户,3,和我预期的不一样,更好的帮助文档,Yes
survey_user_0685,家庭用户,2,需要一些歌曲推荐,智能歌曲推荐,Maybe
survey_user_0686,年轻用户,4,希望有新手推荐歌单,智能歌曲推荐,Yes
survey_user_0687,音乐爱好者,3,和我预期的不一样,更好的帮助文档,Maybe
survey_user_0688,年轻用户,4,想看看别人都在唱什么,智能歌曲推荐,Maybe
survey_user_0689,年轻用户,4,不确定哪首歌适合我的音域,新手推荐歌单,Maybe
survey_user_0690,年轻用户,2,需要适合我音域的歌曲推荐,智能歌曲推荐,No
survey_user_0691,音乐爱好者,2,"界面功能太多,找不到入口",新手引导教程,Maybe
survey_user_0692,年轻用户,3,找不到我想要的功能,更好的帮助文档,No
survey_user_0693,家庭用户,4,操作太复杂,更好的帮助文档,Maybe
survey_user_0694,年轻用户,2,希望有新手推荐歌单,智能歌曲推荐,Maybe
survey_user_0695,年轻用户,3,希望有新手推荐歌单,智能歌曲推荐,Maybe
survey_user_0696,年轻用户,4,"歌库太大,不知道从哪里开始",新手推荐歌单,No
survey_user_0697,家庭用户,3,找不到我想要的功能,更好的帮助文档,No
survey_user_0698,年轻用户,3,不确定哪首歌适合我的音域,新手推荐歌单,No
survey_user_0699,家庭用户,3,操作太复杂,更好的帮助文档,Yes
survey_user_0700,年轻用户,4,"没有引导,不知道从哪里开始",新手引导教程,No
survey_user_0701,家庭用户,3,空白的界面让我不知所措,新手引导教程,No
survey_user_0702,年轻用户,4,想看看别人都在唱什么,智能歌曲推荐,Maybe
survey_user_0703,年轻用户,3,需要适合我音域的歌曲推荐,智能歌曲推荐,No
survey_user_0704,年轻用户,2,找不到适合自己的歌,新手推荐歌单,Maybe
survey_user_0705,年轻用户,4,需要一些歌曲推荐,智能歌曲推荐,Yes
survey_user_0706,年轻用户,4,找不到适合自己的歌,新手推荐歌单,Maybe
survey_user_0707,家庭用户,3,"没有引导,不知道从哪里开始",新手引导教程,Yes
survey_user_0708,家庭用户,4,不确定哪首歌适合我的音域,新手推荐歌单,Maybe
survey_user_0709,年轻用户,3,找不到适合自己的歌,新手推荐歌单,No
survey_user_0710,年轻用户,3,盯着歌单不知道选什么,新手推荐歌单,Maybe
survey_user_0711,年轻用户,3,需要一些歌曲推荐,智能歌曲推荐,Maybe
survey_user_0712,音乐爱好者,4,"太多功能,不知道先用哪个",新手引导教程,Maybe
survey_user_0713,年轻用户,2,"没有引导,不知道从哪里开始",新手引导教程,Maybe
survey_user_0714,年轻用户,2,需要一些歌曲推荐,智能歌曲推荐,No
survey_user_0715,年轻用户,3,希望有新手推荐歌单,智能歌曲推荐,No
survey_user_0716,年轻用户,3,作为新手感觉很迷茫,新手引导教程,Yes
survey_user_0717,年轻用户,2,不确定哪首歌适合我的音域,新手推荐歌单,Maybe
survey_user_0718,年轻用户,3,"界面功能太多,找不到入口",新手引导教程,Maybe
survey_user_0719,家庭用户,4,"太多功能,不知道先用哪个",新手引导教程,No
survey_user_0720,年轻用户,4,"歌库太大,不知道从哪里开始",新手推荐歌单,Maybe
survey_user_0721,年轻用户,2,需要一些歌曲推荐,智能歌曲推荐,Yes
survey_user_0722,家庭用户,2,作为新手感觉很迷茫,新手引导教程,No
survey_user_0723,年轻用户,2,"太多功能,不知道先用哪个",新手引导教程,Yes
survey_user_0724,年轻用户,3,想看看别人都在唱什么,智能歌曲推荐,No
survey_user_0725,年轻用户,4,需要适合我音域的歌曲推荐,智能歌曲推荐,No
survey_user_0726,年轻用户,3,作为新手感觉很迷茫,新手引导教程,Yes
survey_user_0727,年轻用户,4,盯着歌单不知道选什么,新手推荐歌单,Maybe
survey_user_0728,年轻用户,3,不确定哪首歌适合我的音域,新手推荐歌单,No
survey_user_0729,家庭用户,4,导航不够清晰,更好的帮助文档,Maybe
survey_user_0730,年轻用户,4,找不到适合自己的歌,新手推荐歌单,Maybe
survey_user_0731,年轻用户,4,不确定哪首歌适合我的音域,新手推荐歌单,Maybe
survey_user_0732,年轻用户,3,需要适合我音域的歌曲推荐,智能歌曲推荐,Maybe
survey_user_0733,年轻用户,4,"歌库太大,不知道从哪里开始",新手推荐歌单,Maybe
survey_user_0734,家庭用户,2,希望APP能根据我的嗓音推荐歌,智能歌曲推荐,Yes
survey_user_0735,音乐爱好者,4,找不到我想要的功能,更好的帮助文档,Maybe
survey_user_0736,年轻用户,2,需要一些歌曲推荐,智能歌曲推荐,Maybe
survey_user_0737,家庭用户,3,不知道该选什么歌唱,新手推荐歌单,Yes
survey_user_0738,音乐爱好者,2,想看看别人都在唱什么,智能歌曲推荐,Maybe
survey_user_0739,年轻用户,4,不确定哪首歌适合我的音域,新手推荐歌单,Maybe
survey_user_0740,家庭用户,2,"界面功能太多,找不到入口",新手引导教程,Maybe
survey_user_0741,家庭用户,2,需要适合我音域的歌曲推荐,智能歌曲推荐,Yes
survey_user_0742,家庭用户,3,需要适合我音域的歌曲推荐,智能歌曲推荐,Yes
survey_user_0743,年轻用户,3,不知道该选什么歌唱,新手推荐歌单,No
survey_user_0744,音乐爱好者,4,找不到我想要的功能,更好的帮助文档,Maybe
survey_user_0745,家庭用户,4,找不到适合自己的歌,新手推荐歌单,Yes
survey_user_0746,家庭用户,3,找不到我想要的功能,更好的帮助文档,Yes
survey_user_0747,家庭用户,4,"太多功能,不知道先用哪个",新手引导教程,Maybe
survey_user_0748,年轻用户,4,"界面功能太多,找不到入口",新手引导教程,No
survey_user_0749,年轻用户,2,需要一些歌曲推荐,智能歌曲推荐,Yes
survey_user_0750,音乐爱好者,4,找不到适合自己的歌,新手推荐歌单,No
survey_user_0751,年轻用户,3,想看看别人都在唱什么,智能歌曲推荐,Yes
survey_user_0752,年轻用户,4,不知道该选什么歌唱,新手推荐歌单,Maybe
survey_user_0753,年轻用户,4,需要一些歌曲推荐,智能歌曲推荐,No
survey_user_0754,年轻用户,2,希望APP能根据我的嗓音推荐歌,智能歌曲推荐,Yes
survey_user_0755,年轻用户,3,希望有新手推荐歌单,智能歌曲推荐,Maybe
survey_user_0756,家庭用户,4,盯着歌单不知道选什么,新手推荐歌单,Maybe
survey_user_0757,家庭用户,4,不知道该选什么歌唱,新手推荐歌单,Yes
survey_user_0758,家庭用户,4,找不到适合自己的歌,新手推荐歌单,Maybe
survey_user_0759,年轻用户,3,"歌库太大,不知道从哪里开始",新手推荐歌单,Maybe
survey_user_0760,年轻用户,3,不知道该选什么歌唱,新手推荐歌单,Maybe
survey_user_0761,年轻用户,3,"太多功能,不知道先用哪个",新手引导教程,Maybe
survey_user_0762,年轻用户,2,"歌库太大,不知道从哪里开始",新手推荐歌单,Maybe
survey_user_0763,年轻用户,4,需要适合我音域的歌曲推荐,智能歌曲推荐,No
survey_user_0764,家庭用户,4,"没有引导,不知道从哪里开始",新手引导教程,Yes
survey_user_0765,年轻用户,4,希望APP能根据我的嗓音推荐歌,智能歌曲推荐,No
survey_user_0766,年轻用户,4,希望APP能根据我的嗓音推荐歌,智能歌曲推荐,Maybe
survey_user_0767,年轻用户,2,盯着歌单不知道选什么,新手推荐歌单,Maybe
survey_user_0768,家庭用户,3,"界面功能太多,找不到入口",新手引导教程,Maybe
survey_user_0769,音乐爱好者,2,找不到适合自己的歌,新手推荐歌单,Maybe
survey_user_0770,家庭用户,4,"界面功能太多,找不到入口",新手引导教程,Maybe
survey_user_0771,音乐爱好者,2,操作太复杂,更好的帮助文档,No
survey_user_0772,家庭用户,2,需要适合我音域的歌曲推荐,智能歌曲推荐,Yes
survey_user_0773,家庭用户,2,找不到适合自己的歌,新手推荐歌单,No
survey_user_0774,家庭用户,3,希望APP能根据我的嗓音推荐歌,智能歌曲推荐,Maybe
survey_user_0775,家庭用户,4,空白的界面让我不知所措,新手引导教程,No
survey_user_0776,年轻用户,3,想看看别人都在唱什么,智能歌曲推荐,Maybe
survey_user_0777,年轻用户,3,希望APP能根据我的嗓音推荐歌,智能歌曲推荐,Maybe
survey_user_0778,家庭用户,3,"太多功能,不知道先用哪个",新手引导教程,Maybe
survey_user_0779,家庭用户,2,盯着歌单不知道选什么,新手推荐歌单,No
survey_user_0780,年轻用户,4,需要一些歌曲推荐,智能歌曲推荐,Maybe
survey_user_0781,家庭用户,2,界面不够直观,更好的帮助文档,Maybe
survey_user_0782,年轻用户,2,"没有引导,不知道从哪里开始",新手引导教程,Maybe
survey_user_0783,家庭用户,3,需要一些歌曲推荐,智能歌曲推荐,Maybe
survey_user_0784,年轻用户,2,不知道该选什么歌唱,新手推荐歌单,Maybe
survey_user_0785,年轻用户,2,希望APP能根据我的嗓音推荐歌,智能歌曲推荐,Maybe
survey_user_0786,年轻用户,3,"太多功能,不知道先用哪个",新手引导教程,No
survey_user_0787,家庭用户,4,"太多功能,不知道先用哪个",新手引导教程,Maybe
survey_user_0788,年轻用户,4,空白的界面让我不知所措,新手引导教程,Maybe
survey_user_0789,年轻用户,4,希望APP能根据我的嗓音推荐歌,智能歌曲推荐,No
survey_user_0790,年轻用户,2,想看看别人都在唱什么,智能歌曲推荐,Maybe
survey_user_0791,年轻用户,4,找不到适合自己的歌,新手推荐歌单,Maybe
survey_user_0792,年轻用户,2,不确定哪首歌适合我的音域,新手推荐歌单,Maybe
survey_user_0793,家庭用户,3,需要一些歌曲推荐,智能歌曲推荐,Yes
survey_user_0794,年轻用户,3,作为新手感觉很迷茫,新手引导教程,Maybe
survey_user_0795,年轻用户,3,不知道该选什么歌唱,新手推荐歌单,No
survey_user_0796,家庭用户,4,界面不够直观,更好的帮助文档,No
survey_user_0797,家庭用户,2,找不到我想要的功能,更好的帮助文档,Maybe
survey_user_0798,音乐爱好者,3,和我预期的不一样,更好的帮助文档,Maybe
survey_user_0799,年轻用户,4,"界面功能太多,找不到入口",新手引导教程,Maybe
survey_user_0800,年轻用户,4,找不到适合自己的歌,新手推荐歌单,No
